<?xml version='1.0' encoding='UTF-8'?>

<faces-config version="2.3"
              xmlns="http://xmlns.jcp.org/xml/ns/javaee"
              xmlns:xsi="http://www.w3.org/2001/XMLSchema-instance"
              xsi:schemaLocation="http://xmlns.jcp.org/xml/ns/javaee http://xmlns.jcp.org/xml/ns/javaee/web-facesconfig_2_3.xsd">
<navigation-rule>
        <navigation-case>
            <from-outcome>index</from-outcome>
            <to-view-id>/index.xhtml</to-view-id>
        </navigation-case>
        <navigation-case>
            <from-outcome>H1</from-outcome>
            <to-view-id>/H1.xhtml</to-view-id>
        </navigation-case>
    </navigation-rule>
    
    <managed-bean>
        <managed-bean-name>usuarioBean</managed-bean-name>
        <managed-bean-class>usuarioBean</managed-bean-class>
        <managed-bean-scope>request</managed-bean-scope>
    </managed-bean>
   
    <managed-bean>
        <!--Nombre que tendrá el bean-->
        <managed-bean-name>managedUsuario</managed-bean-name>
        <!--Nombre de la clase que se convertirá en Bean-->
        <managed-bean-class>managedUsuario</managed-bean-class>
        <!--Definicón del ciclo de vida del Bean-->
        <managed-bean-scope>request</managed-bean-scope>
    </managed-bean> 
</faces-config>
